{
  "mean_kwh": 19490.34590072726,
  "median_kwh": 19470.13584052614,
  "std_kwh": 891.36063177365,
  "cv_percent": 4.573344343470014,
  "ci_50_lower_kwh": 18884.772582735408,
  "ci_50_upper_kwh": 20087.66168279718,
  "ci_90_lower_kwh": 18050.25898670085,
  "ci_90_upper_kwh": 20988.14783772869,
  "ci_95_lower_kwh": 17758.352269278,
  "ci_95_upper_kwh": 21332.002107078122,
  "measured_kwh": 19178.0,
  "measured_percentile": 36.6,
  "n_samples": 2000
}